id,manufacturer,displacement,name
1,0,0,CB1100EX
,0,0,CB1100RS
,0,0,CB1300 SUPER BOLDOR
,0,0,CB1300 SUPER FOUR
,0,0,CRF1100L AfricaTwin
,0,0,GOLDWING GL1800/GL1500
,0,0,HAWK 11
,0,0,NT1100 / DCT
,0,0,REBEL1100 / DCT
,0,0,CB1100
,0,0,CB1100F
,0,0,CB1100R
,0,0,CB1300 SUPER TUORING
,0,0,CBR1100XX Super Blackbird
,0,0,CBX1100
,0,0,CTX1300
,0,0,GOLDWING F6B
,0,0,GOLDWING F6C/Valkrie
,0,0,GOLDWING GL1100
,0,0,GOLDWING GL1200
,0,0,Shadow 1100
,0,0,Shadow AERO
,0,0,ST1100 PAN EUROPEAN
,0,0,ST1300 PAN EUROPEAN
,0,0,STX1300 PAN EUROPEAN
,0,0,Valkrie
,0,0,Valkrie Tourer
,0,0,VF1100C MAGNA V65
,0,0,VFR1200F / DCT
,0,0,VT1300CR
,0,0,VT1300CS
,0,0,VT1300CX
,0,0,VTX
,0,0,VTX1300C
,0,0,VTX1300R
,0,0,VTX1300C
,0,0,VTX1300S
,0,0,X11
,0,0,X4
,0,1,CB1000R
,0,1,CBR1000RR-R FireBlade/SP
,0,1,VFR800F
,0,1,VFR800X Crossrunner
,0,1,CB-F Concept
,0,1,CB1000 SUPER FOUR
,0,1,CB900 HORNET
,0,1,CB900 C
,0,1,CB900 F
,0,1,CBF1000
,0,1,CBR1000F
,0,1,CBR1000RR FireBlade/SP
,0,1,CBR900RR FireBlade
,0,1,CBR929RR FireBlade
,0,1,CBR954RR FireBlade
,0,1,CRF1000L AfricaTwin
,0,1,GOLDWING GL1000
,0,1,PACIFIC COAST /PC800
,0,1,RC213V-S
,0,1,RVT1000R
,0,1,VF1000R
,0,1,VF1000F
,0,1,VFR
,0,1,VFR1000F Fire Storm
,0,1,VTR1000SP-1
,0,1,VTR10000SP-2
,0,1,XL1000V Varadero
,0,2,CB650R
,0,2,CBR600RR
,0,2,CBR650R
,0,2,CRF450R
,0,2,CRF450RX
,0,2,NC750S / DCT
,0,2,REBEL 500
,0,2,X-ADV
,0,2,750 CUSTOM EXCLUSIVE
,0,2,AFRICA TWIN
,0,2,BLACK WIDOW
,0,2,BROS PRODUCT ONE (BROS650)
,0,2,CB450
,0,2,CB450 EXPORT
,0,2,CB450 SENIOR
,0,2,CB4X (Concept Model)
,0,2,CB500F
,0,2,CB500S
,0,2,CB500X
,0,2,CB550 FOUR-K
,0,2,CB600F HORNET
,0,2,CB650
,0,2,CB650 CUSTOM
,0,2,CB650F
,0,2,CB650LC
,0,2,CB750
,0,2,CB750 CUSTOM
,0,2,CB750 FOUR-2
,0,2,CB750 FOUR-K
,0,2,CB750F
,0,2,CB750F INTEGRA
,0,2,CB750K
,0,2,CBF500
,0,2,CBF600
,0,2,CBF600F
,0,2,CBR500R
,0,2,CBR600F
,0,2,CBR600F Sport
,0,2,CBR600F4i
,0,2,CBR650F
,0,2,CBR750 SUPER AERO
,0,2,CBX550F
,0,2,CBX550F INTEGRA
,0,2,CBX650 CUSTOM
,0,2,CBX650ED
,0,2,CBX750F
,0,2,CBX750F BOLDOR
,0,2,CL500
,0,2,CR500R
,0,2,CRF450L
,0,2,CRF450X
,0,2,CTX700/DCT
,0,2,CX500 TURBO
,0,2,CX650 TURBO
,0,2,DN-01
,0,2,DOMINATOR 650 / NX650
,0,2,DREAM CB500FOUR
,0,2,DREAM CB500T
,0,2,DREAM CB550FOUR
,0,2,DREAM CB750FOUR
,0,2,DREAM CL450
,0,2,EARA/CB750A
,0,2,FMX650
,0,2,FORZA750
,0,2,FT500/ASCOT
,0,2,GB500TT
,0,2,HAWK CB450T
,0,2,HORNET 600
,0,2,HORNET S
,0,2,INTEGRA
,0,2,MAGNA
,0,2,MAGNA RS
,0,2,NC700S/DCT
,0,2,NC700X/DCT
,0,2,NIGHT HAWK 450
,0,2,NIGHT HAWK 750
,0,2,NM4-01
,0,2,NM4-02
,0,2,NR
,0,2,NT700V Deauville
,0,2,NV750 CUSTOM
,0,2,RVF/RC45
,0,2,Shadow
,0,2,Shadow 600
,0,2,Shadow 750
,0,2,Shadow Phantom 750
,0,2,Shadow Slasher 750
,0,2,SilverWing GT600
,0,2,SILVERWING600
,0,2,SLR650
,0,2,STEED 600
,0,2,TRANSALP 600V
,0,2,V45 MAGNA
,0,2,VF500F INTERCEPTOR
,0,2,VF750 MAGNA
,0,2,VF750 SABRE
,0,2,VF750 F
,0,2,VFR750F
,0,2,VFR750K
,0,2,VFR750R
,0,2,VT500 ASCOT
,0,2,VT750S
,0,2,WING GL500
,0,2,WING GL500 CUSTOM
,0,2,WING INTESTATE GL700
,0,2,XL500S
,0,2,XL600R
,0,2,XL650V TRANSALP
,0,2,XL700V TRANZALP
,0,2,XLV750R
,0,2,XR600R
,0,2,XR650L
,0,2,XR650R
,0,3,400X
,0,3,CB400 SUPER BOLDOR
,0,3,CB400 SUPER FOUR
,0,3,CBR400R
,0,3,GB350
,0,3,GB350S
,0,3,ADV350
,0,3,BROS PRODUCT TWO (BROS400)
,0,3,CB-1
,0,3,CB-1 TypeⅡ
,0,3,CB300R
,0,3,CB400F
,0,3,CB400FOUR
,0,3,CB400LC
,0,3,CB400SS
,0,3,CBR300R
,0,3,CBR400F
,0,3,CBR400K
,0,3,CBR400RR
,0,3,CBX400 CUSTOM
,0,3,CBX400F
,0,3,CBX400F INTEGRA
,0,3,CJ360T
,0,3,CL360
,0,3,CL400
,0,3,CM400A Hondmatic
,0,3,CM400T
,0,3,CRF300L
,0,3,CRF300RALLY
,0,3,CX CUSTOM
,0,3,CX-EURO
,0,3,Dream CB350
,0,3,Dream CB350 FOUR
,0,3,DREAM CB360T
,0,3,DREAM CB77
,0,3,DREAM CL350
,0,3,DREAM CL77
,0,3,DREAM CP77
,0,3,Dream SL350
,0,3,FORZA300
,0,3,FORZA350
,0,3,FT400
,0,3,GB400TT/Mk2
,0,3,HAWK CB400T
,0,3,HAWKⅡ CB400T
,0,3,HAWK Ⅲ CB400N
,0,3,NS400R
,0,3,NV400 CUSTOM
,0,3,NV400SP
,0,3,NX4 FALCON
,0,3,REBEL 300
,0,3,RTL260F
,0,3,RTL300R
,0,3,RVF/NC35
,0,3,SH300i
,0,3,Shadow 400
,0,3,Shadow Classic 400
,0,3,Shadow Custom 400
,0,3,Shadow Slasher
,0,3,SilverWing GT400
,0,3,SIVERWING400
,0,3,STEED 400
,0,3,SUPER HAWKⅢ
,0,3,TRM260R
,0,3,TRL260
,0,3,TRL260R
,0,3,TRANSALP 400V
,0,3,VF400F
,0,3,VF400F INTEGRA
,0,3,VFR400K
,0,3,VFR400R
,0,3,VRX Roadster
,0,3,VT400S
,0,3,XL400R
,0,3,XR400RMOTARD
,0,3,XR400RMOTARD
,0,3,XRE300
,0,4,ADV150
,0,4,CB250R
,0,4,CBR250RR
,0,4,CRF150R
,0,4,CRF250L/s
,0,4,CRF250R
,0,4,CRF250 RALLY/s
,0,4,CRF250RX
,0,4,FORZA
,0,4,PCX150 / PCX160
,0,4,REBEL 250
,0,4,REBEL 250 S Editon
,0,4,250T LA CUSTOM
,0,4,250T MASTER
,0,4,ADV250
,0,4,ATC185S
,0,4,ATC200
,0,4,AX-1
,0,4,BENLY CB135
,0,4,BIALS TL250
,0,4,C71
,0,4,CB HORNET 160R
,0,4,CB150F
,0,4,CB150R
,0,4,CB160
,0,4,CB175
,0,4,CB190R
,0,4,CB190SS
,0,4,CB190X
,0,4,CB200X
,0,4,CB223S
,0,4,CB250
,0,4,CB250F
,0,4,CB250RS/-z
,0,4,CB95
,0,4,CBF150
,0,4,CBF150SF
,0,4,CBF190R
,0,4,CBF190X
,0,4,CBF250
,0,4,CBR150R
,0,4,CBR250FOUR
,0,4,CBR250R
,0,4,CBX250RS
,0,4,CBX250S
,0,4,CD250
,0,4,CG150 TITAN
,0,4,CJ250T
,0,4,CL175
,0,4,Click150i
,0,4,CM250T
,0,4,CR250R
,0,4,CRE250
,0,4,CRF150F
,0,4,CRF230F
,0,4,CRF250F
,0,4,CRF250M
,0,4,CRF250X
,0,4,CRM250R
,0,4,CRM250AR
,0,4,CS250s
,0,4,CS72
,0,4,CTX200
,0,4,DREAM C70
,0,4,DREAM C72
,0,4,DREAM CB250T
,0,4,DREAM CB72
,0,4,DREAM CL250
,0,4,DREAM CM72
,0,4,DREAM CS71
,0,4,DREAM E
,0,4,DREAM SA
,0,4,ELITE 250
,0,4,ELSINORE CR250M
,0,4,ELSINORE MT250
,0,4,ETERNO
,0,4,FAZE
,0,4,FORESIGHT
,0,4,FORZA S
,0,4,FORZA T
,0,4,FORZA X
,0,4,FORZA Z
,0,4,FREEWAY
,0,4,FTR250
,0,4,FUSION
,0,4,FUSION SE
,0,4,FUSION Type X
,0,4,GB250 CLUBMAN
,0,4,HAWK CB250N
,0,4,HAWK CB250T
,0,4,HORNET2.0
,0,4,JADE/S
,0,4,JUNO K
,0,4,KARIZMA
,0,4,MTX200R
,0,4,MVX250F
,0,4,NIGHTHAWK 250
,0,4,NS250F
,0,4,NS250R
,0,4,NSF250R
,0,4,NSR150
,0,4,NSR250R /SP /SE
,0,4,PHANTOM 150
,0,4,PHANTOM 200
,0,4,PS250
,0,4,REBEL
,0,4,RR150
,0,4,RS200
,0,4,RS250R
,0,4,RTL250
,0,4,RTL250R
,0,4,RTL250S
,0,4,SH150i
,0,4,SL175
,0,4,SL230
,0,4,SL250
,0,4,SONIC150R
,0,4,SPACY250 FREEWAY
,0,4,Supra GTR150
,0,4,TL200R
,0,4,TLM200R
,0,4,TLM220R
,0,4,TLM240R
,0,4,TLM250R
,0,4,TRL200
,0,4,TRL220R
,0,4,TRL250R
,0,4,UNICORN
,0,4,V-TWIN MAGNA
,0,4,VARIO 150
,0,4,VT250 SPADA
,0,4,VT250F
,0,4,VT250 INTEGRA
,0,4,VT250Z
,0,4,VTR-F
,0,4,VTZ250
,0,4,X-blade
,0,4,XELVIS
,0,4,XL DEGREE
,0,4,XL200R
,0,4,XL230
,0,4,XL250
,0,4,XL250R
,0,4,XL250S
,0,4,XLR250R
,0,4,XLR250 BAJA
,0,4,XLR200R
,0,4,XR150L
,0,4,XR200R
,0,4,XR230
,0,4,XER230MOTARD
,0,4,XR250
,0,4,XR250 BAJA
,0,4,XR250 TORNADO
,0,4,XR250MOTARD
,0,4,XR250R
,0,4,XRE190
,0,5,BENLY 110/PRO
,0,5,CB125R
,0,5,CRF110F
,0,5,CRF125F
,0,5,CrossCub110
,0,5,Ct125 HUNTER Cub
,0,5,DAX125
,0,5,Dio 110
,0,5,GROM
,0,5,LEAD 125
,0,5,MONKEY 125
,0,5,PCX
,0,5,PCX ELECTRIC
,0,5,PCX HYBRID
,0,5,Super Cub 110
,0,5,Super Cub C125
,0,5,Ace CB125
,0,5,Ace 110
,0,5,Activa125
,0,5,Activa
,0,5,AIR BLADE
,0,5,AIR BLADE 125
,0,5,Ape100
,0,5,ATC110
,0,5,ATC125M
,0,5,ATC70
,0,5,BEAT 110R
,0,5,BEEX100
,0,5,BENLY 90S
,0,5,BENLY C90
,0,5,BENLY CB125
,0,5,BENLY CB90
,0,5,BENLY CB92
,0,5,BENLY CD125
,0,5,BENLY CL65
,0,5,BENLY CL70
,0,5,BENLY CL90
,0,5,BENLY CM125T
,0,5,BENLY CS125
,0,5,BENLY CS90
,0,5,BENLY CS92
,0,5,BENLY JC
,0,5,BENLY SL125s
,0,5,BENLY SL90
,0,5,BIALS TL125
,0,5,BLOAD 90
,0,5,CABINA 90
,0,5,CB MAN125
,0,5,CB125 Shine
,0,5,CB125F
,0,5,CB125M
,0,5,CB125T
,0,5,CB125X
,0,5,CBF125
,0,5,CBF125R
,0,5,CBR125R
,0,5,CBR125RR
,0,5,CBX125 CUSTOM
,0,5,CBX125F
,0,5,CD110
,0,5,CG110
,0,5,CG125
,0,5,CGL125
,0,5,CHALY 70
,0,5,CLICK 110
,0,5,CLICK 125i
,0,5,CLIQ
,0,5,CR125R
,0,5,CR80R
,0,5,CR85R
,0,5,CR93
,0,5,CRE125
,0,5,CRF100F
,0,5,CRF70F
,0,5,CRF80F
,0,5,CRM80
,0,5,CT110 HUNTER Cub
,0,5,CT90 HUNTER Cub
,0,5,Cub100EX
,0,5,DASH 125RS
,0,5,DAX70
,0,5,Dio 100
,0,5,Dio 125
,0,5,DREAM 100
,0,5,DREAM 110
,0,5,DREAM 125
,0,5,ELSINORE CR125M
,0,5,ELSINORE MT125
,0,5,FORESIGHT 125
,0,5,FORZA 125
,0,5,FUMA 125
,0,5,GENIO
,0,5,GRAZIA
,0,5,HUNTER Cub 55
,0,5,Hunter Cun C105H
,0,5,icon
,0,5,JOKER 90
,0,5,JUNO M
,0,5,LEAD 100
,0,5,LEAD 80 DELUXE
,0,5,LEAD 80SS
,0,5,LEAD 90
,0,5,LEAD EX
,0,5,Livo110
,0,5,LY125Fi
,0,5,LS125R
,0,5,MBX80 INTEGRA
,0,5,MCR125
,0,5,MD90
,0,5,DAX90
,0,5,Mojet 125
,0,5,MOOVE
,0,5,MTX125R
,0,5,MTX80R
,0,5,NAVI
,0,5,NICE 125
,0,5,NS125R
,0,5,NSC110
,0,5,NSF100
,0,5,NSR125F
,0,5,NSR125R
,0,5,NSR75
,0,5,NSR80
,0,5,NX125
,0,5,Press Cub 90
,0,5,REBEL 125
,0,5,RS125R
,0,5,RX125
,0,5,S90
,0,5,Scoopy 110i
,0,5,SCR110
,0,5,SH125i
,0,5,Shadow 125
,0,5,SL70
,0,5,SONIC 125
,0,5,SONIC 125RS
,0,5,SPACY 100
,0,5,SPACY 125
,0,5,SPACY 80
,0,5,SPRENDOUR
,0,5,STREAM 125
,0,5,Super  Cub 100
,0,5,Super  Cub 110 MD
,0,5,Super Cub 70
,0,5,Super Cub 90
,0,5,Super Cub C105
,0,5,Super Cub C65
,0,5,Super Cub typeX
,0,5,Super Dream
,0,5,TARANIS 110
,0,5,TENA 110
,0,5,TL 125
,0,5,VARADERO 125
,0,5,VARIO 125
,0,5,VISION 110
,0,5,WAVE 100
,0,5,WAVE 100
,0,5,WAVE 100s
,0,5,WAVE 100X
,0,5,WAVE 100Z
,0,5,WAVE 110
,0,5,WAVE 110S
,0,5,WAVE 125
,0,5,WAVE 125R
,0,5,WAVE 125S
,0,5,WAVE 125X
,0,5,XL125
,0,5,XL125R
,0,5,Xl125S
,0,5,XL80S
,0,5,XLR125R
,0,5,XLR80R
,0,5,XR100MOTARD
,0,5,XR100R
,0,5,XR125L
,0,5,XR70R
,0,5,XR75
,0,5,XR80
,0,5,XR80R
,0,5,XRM110
,0,5,ZOOMER-X
,0,6,BENLY 50
,0,6,CRF50F
,0,6,CrossCub 50
,0,6,Dunk
,0,6,Giorno
,0,6,GYRO e:
,0,6,GYRO CANOPY
,0,6,GYRO CANOPY e:
,0,6,GYRO X
,0,6,Super Cub 50
,0,6,TACT
,0,6,Ape50
,0,6,BEAT
,0,6,BENLY 50s
,0,6,BENLY CB50
,0,6,BENLY CD50
,0,6,BENLY CL50
,0,6,BENLY TL50
,0,6,Bite
,0,6,BROAD 50
,0,6,C310
,0,6,C320
,0,6,CABINA 50
,0,6,Caren NX50
,0,6,Caren S
,0,6,CB50S
,0,6,CHALET
,0,6,CHALY 50
,0,6,CR110 Cub Racing
,0,6,CREA SCOOPY
,0,6,CRM50
,0,6,CUBRA%0
,0,6,DAX50
,0,6,Dio
,0,6,Dio Cesta
,0,6,Dio Fit
,0,6,Dio SR
,0,6,DJ 1
,0,6,DJ 1R
,0,6,DJ 1RR
,0,6,DREAM 50
,0,6,DREAM 50R
,0,6,EV-neo
,0,6,EVE
,0,6,EVE PAX
,0,6,EVE SMILE
,0,6,EXPRESS
,0,6,FLEX50
,0,6,FLUSH/S
,0,6,giorcub
,0,6,Giorno Crea
,0,6,GORILLA
,0,6,GYRP UP
,0,6,HOLIDAY
,0,6,HUMMING
,0,6,JAZZ
,0,6,JOKER  50
,0,6,JOY
,0,6,JULIO
,0,6,JUST
,0,6,LEAD 50 DELUXE
,0,6,LEAD 50S
,0,6,LEAD SS
,0,6,LEAD R
,0,6,Little Cub
,0,6,Live Dio
,0,6,Live Dio J
,0,6,Live Dio S
,0,6,Live Dio SR
,0,6,Live Dio ST
,0,6,Live Dio ZX
,0,6,MAGNA FIFTY
,0,6,MB50
,0,6,MBX50
,0,6,MBX50F
,0,6,MCX50
,0,6,MD50
,0,6,MONKEY
,0,6,Monkey BAJA
,0,6,Monkey R
,0,6,Monkey RT
,0,6,MOTOCOMPO
,0,6,MotoPIT
,0,6,MOTRA
,0,6,MR50
,0,6,MR50 ELSINORE
,0,6,MT50
,0,6,MTX50
,0,6,MTX50R
,0,6,MAUTY DAX CY50
,0,6,MOVIO
,0,6,NS-1
,0,6,NS50F AERO
,0,6,NS50R
,0,6,NSC50R
,0,6,NSR Mini
,0,6,NSR50
,0,6,PAL
,0,6,PAL HOLIDAY
,0,6,PALADIAN
,0,6,PALFLEY
,0,6,PALFLEY G
,0,6,PAX CLUB
,0,6,PEOPLE
,0,6,Port Cub C240
,0,6,Port Cub 50
,0,6,QA50
,0,6,QR50
,0,6,RACOON
,0,6,ROADFOX
,0,6,ROADPAL
,0,6,ROADPAL E
,0,6,ROADPAL L
,0,6,ROADPAL S
,0,6,RTL50
,0,6,RUNAWAY
,0,6,SFX50
,0,6,Shadow 50
,0,6,SKY
,0,6,Smart Dio Z4
,0,6,Solo
,0,6,SPACY 50
,0,6,SPORT Cub C110
,0,6,SPORT Cub C110S
,0,6,SPORT Cub C111
,0,6,SPORT Cub C115
,0,6,SPORT Cub CS50
,0,6,SQUASH
,0,6,SS50
,0,6,STREAM
,0,6,Super Cub C100
,0,6,Super Cub C102
,0,6,Super Dio
,0,6,Super Dio SR
,0,6,Super Dio ZX
,0,6,SUPER TACT
,0,6,TACT Courreges
,0,6,TACT FULLMARK
,0,6,TACT IVY
,0,6,TACT S
,0,6,TACT Stand Up
,0,6,TACTY
,0,6,TLM50
,0,6,TLR50
,0,6,TODAY
,0,6,TOPIC
,0,6,VARIE
,0,6,VIA
,0,6,VOCAL
,0,6,XL50S
,0,6,XR50R
,0,6,Z50R
,0,6,ZOOK
,0,6,ZOOMER
,1,0,FJR1300
,1,0,BT1100 BULLDOG
,1,0,DragStar 1100
,1,0,DragStar Classic 1100
,1,0,FJ1100
,1,0,FJ1200
,1,0,MT-01/S
,1,0,ROYALSTAR
,1,0,ROYALSTAR TOUR CLASSIC
,1,0,ROYALSTAR Venture
,1,0,Star Eluder
,1,0,Star Venture
,1,0,V Star 1100 Classic
,1,0,V star 1100 Silverado
,1,0,VENTURE ROYAL
,1,0,VMAX
,1,0,XJR1200
,1,0,XJR1200R
,1,0,XJR1300
,1,0,XJR1300L
,1,0,XJR1300C
,1,0,XS1100LG
,1,0,XS1100S
,1,0,XS1100
,1,0,XT1200Z Super Tenere
,1,0,XT1200ZE Super Tenere
,1,0,XT1200ZE Super Tenere Raid Editon
,1,0,XV1100 Virago
,1,0,XV1600 Midnight Star
,1,0,XV1600 Road Star
,1,0,XV1600 Road Star Silverado
,1,0,XV1600 Wild Star
,1,0,XV1700 Road Star Silverado
,1,0,XV1700 Road Star Midnight Silverado
,1,0,XV1900 Stratoliner
,1,0,XV1900A MidnightStar/Roadliner
,1,0,XV1900CFD/Stratoliner Deluxe
,1,0,XV1900CU/Raider
,1,0,XV1900S Roadliner S
,1,0,XVS1300A MidnightStar/V-Star1300
,1,0,XVS1300ACED MidnightStar
,1,0,XVS1300CA/Stryker
,1,0,XVS1300CU/XVS1300 Curstom
,1,1,BOLT R-SPEC/XV950R
,1,1,MT-09/SP
,1,1,MT-10/SP
,1,1,NIKEN
,1,1,NIKEN GT
,1,1,TRACER9/GT
,1,1,XSR900
,1,1,YZF-R1
,1,1,YZF-R1M
,1,1,BOLT C-SPEC
,1,1,BOLT/XV950
,1,1,FAZER 8
,1,1,FZ1 FAZER
,1,1,FZ8
,1,1,FZR1000
,1,1,GTS1000/A
,1,1,MT-09 Sport Tracker
,1,1,MT-09 Street Rally
,1,1,MT=10 Tourer Edition
,1,1,SCR950
,1,1,TDM850
,1,1,TDM900
,1,1,TRX850
,1,1,XJ900
,1,1,XJ900R
,1,1,XJ900S Diversion
,1,1,XS850
,1,1,XSR900 AVARTH
,1,1,XV1000TR1
,1,1,XV950
,1,1,XVS950A
,1,1,YZF1000R Thunder Ace
,1,2,MT-07
,1,2,Tenere700
,1,2,TMAX560
,1,2,XSR700
,1,2,YZ450F
,1,2,YZ450FX
,1,2,YZF-R7
,1,2,Diversion 600
,1,2,DragStar 650
,1,2,DragStar Classic 650
,1,2,DT600
,1,2,FZ6 Fazer S2
,1,2,FZ6-N
,1,2,FZ600
,1,2,FZ6R
,1,2,FZ750
,1,2,FZR600
,1,2,FZR600R
,1,2,FZR750R
,1,2,FZS600 FAZER
,1,2,FZS600SP
,1,2,FZX750
,1,2,GX500
,1,2,GX750
,1,2,MT-03 (660cc)
,1,2,MT-07 MOTO CAGE
,1,2,RZV500R
,1,2,SR500
,1,2,SRX600
,1,2,SZR660
,1,2,Tenere700 Rally Edition
,1,2,Tenere700 World Raid
,1,2,TMAX
,1,2,TMAX530
,1,2,Tracer7
,1,2,TT500
,1,2,TT600E
,1,2,TT600R
,1,2,TT600RE
,1,2,TT600S
,1,2,TX500
,1,2,TX650
,1,2,TX750
,1,2,TZ500
,1,2,V Star650
,1,2,WR450F
,1,2,XJ550
,1,2,XJ6
,1,2,XJ6 Diversion
,1,2,XJ6 Diversion F
,1,2,XJ600
,1,2,XJ650
,1,2,XJ650 Seca
,1,2,XJ650 Special
,1,2,XJ650 Turbo
,1,2,XJ6N
,1,2,XJ750
,1,2,Xj750E
,1,2,XJ750J
,1,2,XS-1
,1,2,XS650 Special
,1,2,XS650E
,1,2,XS750 Special
,1,2,XS750 
,1,2,XSR700 Xtribute
,1,2,XT500
,1,2,XT600
,1,2,XT600 Tenere
,1,2,XT660R
,1,2,XT660X
,1,2,XT660Z Tenere
,1,2,XTZ660 Tenere
,1,2,XTZ750 Super Tenere
,1,2,XV750 Special
,1,2,XV750 Virago
,1,2,XV750E
,1,2,XZ550
,1,2,XZ550D
,1,2,YX600RADIAN
,1,2,YZ426F
,1,2,YZF-R6
,1,2,YZF600R Thunder Cat
,1,2,YZF750R
,1,2,YZF750SP
,1,3,MT-03
,1,3,SR400
,1,3,TRICITY300
,1,3,YZF-R3
,1,3,305M2
,1,3,305YM1
,1,3,350R1
,1,3,350R2
,1,3,350R3
,1,3,Artesia
,1,3,Diversion 400
,1,3,DragStar 400
,1,3,DragStar 400 Classic
,1,3,DT360
,1,3,DT400
,1,3,FZ400
,1,3,FZ400N
,1,3,FZ400R
,1,3,FZR400
,1,3,FZR400RR
,1,3,GRAND MAJESTY 400
,1,3,GX400
,1,3,IT400
,1,3,R3C
,1,3,RD350
,1,3,RT1
,1,3,RT360
,1,3,RX350
,1,3,RZ350
,1,3,RZ350R
,1,3,RZ350RR
,1,3,SRX400
,1,3,WR400F
,1,3,XJ400
,1,3,XJ400 Special
,1,3,XJ400D
,1,3,XJ400E
,1,3,XJ400Z
,1,3,XJR400
,1,3,XJR400R
,1,3,XMAX 400
,1,3,XMAX 300
,1,3,XS400
,1,3,XS400 SPECIAL
,1,3,XS400L
,1,3,XT400
,1,3,XV400 SPECIAL
,1,3,XV400 Virago
,1,3,XZ400
,1,3,XZ400D
,1,3,YE-1
,1,3,YES-1
,1,3,YES-2
,1,3,YM-1
,1,3,YZ400F
,1,4,MAJESTY S
,1,4,MT-25
,1,4,NMAX 155
,1,4,SEROW 250
,1,4,TRICITY 155
,1,4,tricker XG250
,1,4,XMAX250
,1,4,YZ250
,1,4,YZ250F
,1,4,YZ250FX
,1,4,YZF-R25
,1,4,180CS1-E
,1,4,180CS2-E
,1,4,AEROX155
,1,4,AG175
,1,4,AG200
,1,4,BRONCO
,1,4,BW200
,1,4,CT-1
,1,4,CT-2
,1,4,CYGNUS 150 GT
,1,4,CYGNUS 150 SR
,1,4,CYGNUS 150 X
,1,4,CYGNUS 180
,1,4,CZ150
,1,4,CZ150R
,1,4,DragStar 250
,1,4,DS5-E
,1,4,DS6
,1,4,DT1
,1,4,DT175
,1,4,DT200WR
,1,4,DT230 LANZA
,1,4,DT250
,1,4,DY250WR
,1,4,DX250
,1,4,EXCITER 150
,1,4,FAZER25
,1,4,FZ-FI
,1,4,FZS25
,1,4,GRAND MAJESTY 250
,1,4,GTR150
,1,4,GX250
,1,4,IT175
,1,4,IT200
,1,4,IT250
,1,4,M-SLAZ 150
,1,4,MAJESTY 150
,1,4,MAJESTY C
,1,4,MAJESTY SV
,1,4,MAXAM
,1,4,MAXSTER 150
,1,4,MT-15
,1,4,NVX 155
,1,4,R1-Z
,1,4,RD200
,1,4,RD250
,1,4,Renaissa
,1,4,RX135
,1,4,RX250
,1,4,RZ250
,1,4,RZ250R
,1,4,RZ250RR
,1,4,SC-1
,1,4,SCORPIO 225
,1,4,SDR
,1,4,SEROW 225/W/WE
,1,4,SPARK 135
,1,4,SR185
,1,4,SR185 Exciter
,1,4,SR250
,1,4,SRV250/S
,1,4,SRX250
,1,4,TD-1
,1,4,TDM225
,1,4,TDR250
,1,4,TT-R225
,1,4,TT-R230
,1,4,TT-R250
,1,4,TT250R
,1,4,TT225
,1,4,TW200/E
,1,4,TW225/E
,1,4,TY175
,1,4,TY250
,1,4,TY250 SCOTTISH
,1,4,TY250J
,1,4,TY250R
,1,4,TY250Z
,1,4,TY250Z SCOTTISH
,1,4,TZ250
,1,4,TZR250 /R/SP/RS/SPR
,1,4,V-IXION R
,1,4,WR155R
,1,4,WR250F
,1,4,WR250R
,1,4,WR250X
,1,4,WR250Z
,1,4,X-city 250
,1,4,XS250
,1,4,XS250 SPECIAL
,1,4,XS250E
,1,4,XS250S
,1,4,XSR155
,1,4,XT200
,1,4,XT250
,1,4,XT250T
,1,4,XT250X
,1,4,XTZ150S CROSSER
,1,4,XV250 Virago
,1,4,YB-1
,1,4,YBR250
,1,4,YC-1
,1,4,YC175
,1,4,YD-1
,1,4,YD-2
,1,4,YD-3
,1,4,YD250
,1,4,YDS-1
,1,4,YDS-2
,1,4,YDS-3
,1,4,YDS-3C
,1,4,YDT-1
,1,4,YS150 FAZER
,1,4,YS250 FAZER
,1,4,YZF-R15 /M
,1,4,ZeaL
,1,5,AXIS Z
,1,5,BW'S 125
,1,5,CYGNUS GRYPHUS
,1,5,CYGNUS X
,1,5,NSMX125
,1,5,TRICITY125
,1,5,YZ125
,1,5,YZ125X
,1,5,YZ65
,1,5,YZ85
,1,5,YZ85LW
,1,5,100L2-C
,1,5,125A7
,1,5,90H3
,1,5,)0h3-C
,1,5,AEROX 100
,1,5,AEROX 125
,1,5,AG100
,1,5,AG125
,1,5,AS1
,1,5,AS1-C
,1,5,AS2AT1
,1,5,AT125
,1,5,AT90
,1,5,Avenue 125
,1,5,AX125
,1,5,AXIS 90
,1,5,AXIS 90 PRO FOOT
,1,5,AXIS Treet
,1,5,BELUGA 125
,1,5,BELUGA 80
,1,5,BOBBY 80
,1,5,BREEZE 125
,1,5,BW'S 125 X
,1,5,BW'S 100
,1,5,BW'S 100R
,1,5,BW80
,1,5,Champ 80
,1,5,Champ 90
,1,5,CHAPPY 80
,1,5,Crypton 110
,1,5,CUXI 100
,1,5,CYGNUS 125
,1,5,CYGNUS 125D
,1,5,CYGNUS 125Si
,1,5,CYGNUS 125SV
,1,5,CYGNUS 125Z
,1,5,CYGNUS GT
,1,5,CYGNUS RAY Z
,1,5,CYGNUS RAY ZR
,1,5,CYGNUS X Sr
,1,5,ZCZ125 Tracy
,1,5,DragStar 125
,1,5,DT100
,1,5,DT125
,1,5,DT125 TRAIL
,1,5,DT125R
,1,5,DT125WR
,1,5,DT125X
,1,5,DT90
,1,5,EMF
,1,5,ENTICER 125
,1,5,FASCINO
,1,5,FILANO
,1,5,Fino
,1,5,Fiore
,1,5,FLAME 125
,1,5,FORCE X100
,1,5,FORTE 125
,1,5,Free Go
,1,5,FUTURE 125
,1,5,G-5
,1,5,GR80
,1,5,GRAND AXIS100
,1,5,GRAND FILANO
,1,5,GRAND FIRANO HYBRID
,1,5,GT80
,1,5,GTR125
,1,5,H1
,1,5,HB90
,1,5,HS1
,1,5,HT90
,1,5,HX90
,1,5,I 8
,1,5,J-5
,1,5,JB60
,1,5,JOG 100
,1,5,JOG 125
,1,5,JOG 80
,1,5,JOG 90
,1,5,JOG Ciao 100
,1,5,JOG RS 100
,1,5,LEXi
,1,5,LS-3
,1,5,LUVIAS
,1,5,LUVIAS GTX
,1,5,LYM 110
,1,5,MAJESTY 125
,1,5,MATE 80
,1,5,MATE  70
,1,5,MAYE 90
,1,5,MAYE U7
,1,5,MAX SV125
,1,5,MAXSTER 125
,1,5,mini JT60
,1,5,MIO
,1,5,MIO 115
,1,5,MIO 125
,1,5,MIO S
,1,5,MJ-2
,1,5,MR80
,1,5,MT-125
,1,5,NOUVO
,1,5,NOUVO MX
,1,5,NOUVO SX
,1,5,NOZZA GRANDE
,1,5,NVX 125
,1,5,PW80
,1,5,QBIX
,1,5,RD125
,1,5,RD80
,1,5,RD90
,1,5,RS ZERO
,1,5,RS-Z100
,1,5,RS100
,1,5,RS90
,1,5,RX1--
,1,5,RX80 SPECIAL
,1,5,RZ125
,1,5,Sirius
,1,5,SOUL GT
,1,5,Spark115i
,1,5,SPEED 125
,1,5,SV-MAX125
,1,5,T115
,1,5,Target 90
,1,5,TDR125
,1,5,TDR80
,1,5,Teos 125
,1,5,THUNDER125
,1,5,TIARA 120R
,1,5,TIARA 120S
,1,5,TIARA 125S
,1,5,TOWN MATE 80
,1,5,TOWN MATE 90
,1,5,TT-R110E
,1,5,TT-R125
,1,5,TT-R125LW
,1,5,TT-R125LWE
,1,5,TTR90
,1,5,TTR90E
,1,5,TW125
,1,5,TY125
,1,5,TY80
,1,5,TY90
,1,5,TYS125
,1,5,TYS125F
,1,5,TZ120 TIARA
,1,5,TZ125
,1,5,TZR125
,1,5,U8
,1,5,Vino 125
,1,5,Vino 90
,1,5,Vinoora / M
,1,5,WR125R
,1,5,WR125x
,1,5,X Ride
,1,5,X-1
,1,5,X-city 125
,1,5,Xeon RC
,1,5,XMAX 125
,1,5,XSR125
,1,5,XSR125 Legacy
,1,5,XT125
,1,5,XT125R
,1,5,XT125X
,1,5,XTZ125
,1,5,XTZ125E
,1,5,XV125 Virago
,1,5,YA-1
,1,5,YA-2
,1,5,YA-3
,1,5,YA-5
,1,5,YA-6
,1,5,YA-7
,1,5,YAT-1
,1,5,YB125
,1,5,YB125SP
,1,5,YB125Z
,1,5,YB80
,1,5,YB90
,1,5,YBR125
,1,5,YBR125G
,1,5,YBR125K
,1,5,YBR125KG
,1,5,YBR125SP
,1,5,YD125
,1,5,YG-1
,1,5,YGS-1
,1,5,YJ2
,1,5,YK80
,1,5,YK90
,1,5,YP1
,1,5,YS125
,1,5,YS125 FAZER
,1,5,YSR80
,1,5,YT60
,1,5,YX125
,1,5,YZ60
,1,5,YZ80
,1,5,YZ80LW
,1,5,YZF-R125
,1,5,Zippy 80
,1,6,E-Vino
,1,6,GEAR
,1,6,JOG
,1,6,JOG Deluxe
,1,6,NEWS GEAR
,1,6,PW50
,1,6,Vino
,1,6,ACTIVE
,1,6,AERO X
,1,6,AERO X-R
,1,6,Aprio
,1,6,AXIS 50
,1,6,AXIS 50 PRO FOOT
,1,6,BELUGA 50
,1,6,BJ 50
,1,6,BOBBY
,1,6,BOOSTER
,1,6,box'n
,1,6,BW'S 50
,1,6,CARROT
,1,6,CHAMP
,1,6,Champ CX
,1,6,ChampRS
,1,6,CHAPPY %0
,1,6,CUTE
,1,6,DT50
,1,6,DT50SM
,1,6,EC-02
,1,6,EC-03
,1,6,EXCEL
,1,6,F5-C
,1,6,F5-S
,1,6,FB50
,1,6,FS1
,1,6,FS50
,1,6,FT-1
,1,6,FT50
,1,6,FX50
,1,6,GR50
,1,6,GT50
,1,6,JOG C
,1,6,JOG EX
,1,6,JOG petit
,1,6,JOG POCHE
,1,6,JOG SPORTS
,1,6,JOG Z
,1,6,JOG Z2
,1,6,JOG ZR
,1,6,LYRIC
,1,6,MALIC
,1,6,MATE 50
,1,6,MATE U5
,1,6,MF-1
,1,6,MF-2
,1,6,MINT
,1,6,MR50
,1,6,NEO'S 50
,1,6,NEWS MATE 50
,1,6,Pasetta
,1,6,Passol
,1,6,Passola
,1,6,POCKE
,1,6,POET
,1,6,POPGAL
,1,6,RD50
,1,6,RX50 SPECIAL
,1,6,RZ50
,1,6,Salient
,1,6,Slider 50
,1,6,STUNT 50
,1,6,Super JOG Z
,1,6,Super JOG ZR
,1,6,TDR50
,1,6,TIARA S
,1,6,TOWN MATE 50
,1,6,TOWNY
,1,6,TRY
,1,6,TT-R50E
,1,6,TY50
,1,6,TZ50
,1,6,TZM50R
,1,6,TZR50
,1,6,TZR50R
,1,6,Vino Molfe
,1,6,VOGEL
,1,6,VOX
,1,6,Why
,1,6,YB-1
,1,6,YB-1 FOUR
,1,6,YB50
,1,6,YF1
,1,6,YSR50
,1,6,YZ50
,1,6,Zippy 50
,2,0,GSX1300R HAYABUSA
,2,0,V-Strom 1050
,2,0,V-Strom 1050XT
,2,0,B-KING
,2,0,BANDIT 1200
,2,0,BANDIT 1200S
,2,0,BANDIT 1250
,2,0,BANDIT 1250F
,2,0,BANDIT 1250S
,2,0,BOULEVARD C109R
,2,0,BOULEVARD C90
,2,0,BOULEVARD C109R/R2
,2,0,GS1100
,2,0,GS1100GK
,2,0,GS1100L
,2,0,GS1200SS
,2,0,GSF1200
,2,0,GSF1200S
,2,0,GSX-R1100/W
,2,0,GSX1100E
,2,0,GSX1100EF
,2,0,GSX1100ES
,2,0,GSX1100G
,2,0,GSX1100F
,2,0,GSX1100S KATANA
,2,0,GSX1150EF
,2,0,GSX1400/Z
,2,0,GV1400 CAVALCADE LXE
,2,0,INAZUMA 1200
,2,0,INTRUDER 1400
,2,0,INTRUDER LC1500
,2,0,INTRUDER M1500
,2,0,V-Strom 1000
,2,0,V-Strom 1000XT
,2,0,V-Strom 1050XT TOUR
,2,1,GSX-R1000/R
,2,1,GSX-S1000
,2,1,GSX-S1000F
,2,1,GSX-S1000GT
,2,1,GSX-S1000S KATANA
,2,1,BOULEVARD 800
,2,1,BOULEVARD C50T
,2,1,Desperado 800
,2,1,Desperado 800X
,2,1,DR800S
,2,1,GS1000
,2,1,GS1000E
,2,1,GS1000G
,2,1,GS1000S
,2,1,GS850G
,2,1,GS850GL
,2,1,GSX-S950
,2,1,INTRUDER 800
,2,1,INTRUDER Classic 800
,2,1,RF900R
,2,1,SV1000
,2,1,SV1000S
,2,1,TL1000R
,2,1,TL1000S
,2,1,VX800
,2,2,GSX-S750
,2,2,RM-Z450
,2,2,SV650
,2,2,SV650X
,2,2,V-Strom 650
,2,2,V-Strom 650XT
,2,2,BANDIT 650
,2,2,BANDIT 650S
,2,2,BANDIT 750
,2,2,DR600
,2,2,DR650
,2,2,DR650S
,2,2,DR650SE
,2,2,DR750S
,2,2,GLADIUS 650
,2,2,GR650
,2,2,GS425
,2,2,GS459
,2,2,GS500E
,2,2,GS550E
,2,2,GS550L
,2,2,GS650E
,2,2,GS650G KATANA
,2,2,GS650GT
,2,2,GS750
,2,2,GS750E
,2,2,GS750G
,2,2,GS750GL
,2,2,GSF600S
,2,2,GSF750
,2,2,GSR600
,2,2,GSR750
,2,2,GSX-R600
,2,2,GSX-R750
,2,2,GSC-R750R
,2,2,GSX-R750SP
,2,2,GSX550L
,2,2,GSX600F
,2,2,GSX650F
,2,2,GSX750E
,2,2,GSX750EF
,2,2,GSX750F
,2,2,GSX750G
,2,2,GSX750L
,2,2,GSX750S KATANA
,2,2,GT500
,2,2,GT550
,2,2,GT750
,2,2,INAZUMA 750
,2,2,INTRUDER 750
,2,2,RE-5
,2,2,RE500
,2,2,RF600R
,2,2,RG500
,2,2,RG500Γ
,2,2,RM465
,2,2,RMX450Z
,2,2,SAVAGE 650
,2,2,SKYWAVE 650/LX
,2,2,SV650S
,2,2,T500
,2,2,XF650 FREEWIND
,2,2,XN85
,2,3,BURGMAN 400
,2,3,BANDIT 400/V/VZ
,2,3,BANDIT 400LTD/V
,2,3,BOULEVARD 400
,2,3,Desperado 400
,2,3,Desperado 400X
,2,3,Desperado WINDER
,2,3,DR-Z400
,2,3,DR-Z400E
,2,3,DR-Z400S
,2,3,DR-Z400SM
,2,3,DR350
,2,3,DR350SE
,2,3,DR400
,2,3,DR400Z
,2,3,GLADIUS 400
,2,3,GN400
,2,3,GOOSE 350
,2,3,GS400
,2,3,GS400E
,2,3,GS400L
,2,3,GS450S
,2,3,GSR400
,2,3,GSX-F
,2,3,GSX-R400/SP
,2,3,GSX-R400R/SP
,2,3,GSX400 IMPULSE
,2,3,GSX400 IMPIUSE Type S
,2,3,GSX400E
,2,3,GSX400F
,2,3,GSX400FS IMPULSE
,2,3,GSX400FW
,2,3,GSX400L
,2,3,GSX400S KATANA
,2,3,GSX400T
,2,3,GSX400X IMPULSE
,2,3,GSX400XS IMPULSE
,2,3,GT350
,2,3,GT380
,2,3,INAZUMA 400
,2,3,INTRUDER 400
,2,3,INTRUDER Classic 400
,2,3,RF400R
,2,3,RG400Γ
,2,3,SAVAGE 400
,2,3,SKYWAVE 400
,2,3,SKYWAVE 400 Limited
,2,3,SKYWAVE 400TYPE S
,2,3,SKYWAVE 400SS
,2,3,SP370
,2,3,SV400
,2,3,T350
,2,3,TEMPTER 400
,2,3,TM400
,2,3,TS400
,2,4,BURGMAN 200
,2,4,GIXXER 150
,2,4,GIXXER 250
,2,4,GIXXER SF250
,2,4,GSX250R
,2,4,RM-Z250
,2,4,V-Strom 250
,2,4,250SB
,2,4,ACROSS
,2,4,AVENIS 150
,2,4,BANDIT 250/V/VZ
,2,4,BANDIT 250LTD
,2,4,BURGMAN 150
,2,4,BURGMAN 250
,2,4,COBRA
,2,4,COLLEDA 250 T10
,2,4,"COLLEDA ""%0TC"
,2,4,COLLEDA SUPER TOURING
,2,4,COLLEDA Twin ACE 250TA
,2,4,DF200E
,2,4,DJEBEL 200
,2,4,DJEBEL 250
,2,4,DJEBEL 250 GPS
,2,4,DJEBEL 250 XC
,2,4,DR-Z250
,2,4,DR200
,2,4,DR200SE Trojan
,2,4,DR250R
,2,4,DR250S
,2,4,DR250SHC
,2,4,DR250SHE
,2,4,FX150R
,2,4,Gemma
,2,4,GF250
,2,4,GF250S
,2,4,GIXXER SF150
,2,4,GN250
,2,4,GN250E
,2,4,GOOSE 250
,2,4,Grasstracker
,2,4,Grasstracker BIGBOY
,2,4,GS250FW
,2,4,GSR250
,2,4,GSR250F
,2,4,GSR250S
,2,4,GSX-R150
,2,4,GSX-R250/SP
,2,4,GSX-R250R/SP
,2,4,GSX-S150
,2,4,GSX150 BANDIT
,2,4,GSX250E
,2,4,GSX250FX
,2,4,GSX250L
,2,4,GSX250S KATANA
,2,4,GSX250T
,2,4,GT185
,2,4,GT250
,2,4,GZ150
,2,4,GZ150-A
,2,4,GZ250
,2,4,HUSTLER 185
,2,4,HUSTLER 250
,2,4,INTRUDER LC250
,2,4,MARAUDER 250
,2,4,NZ250
,2,4,PE175
,2,4,PE250
,2,4,RAIDER150R
,2,4,RG150Γ
,2,4,RG185
,2,4,RG200Γ
,2,4,RG250
,2,4,RG250E
,2,4,RG250Γ
,2,4,RGV-Γ250SP
,2,4,RGV250Γ
,2,4,RH250
,2,4,RL250
,2,4,RM250
,2,4,RMX250
,2,4,RMX250R
,2,4,RMX250S
,2,4,Scrambler TC250
,2,4,SKYWAVE 250
,2,4,SKYWAVE 250 Limited
,2,4,SKYWAVE 250 TYPE M
,2,4,SKYWAVE 250 TYPE S/BASIC
,2,4,SKYWAVE 250SS
,2,4,ST250/E-Type
,2,4,Super T21
,2,4,SW-1
,2,4,SX200R
,2,4,T20
,2,4,T200
,2,4,T250
,2,4,T250-3
,2,4,TC185
,2,4,TC200
,2,4,TM250
,2,4,TS185
,2,4,ts200
,2,4,TS200R
,2,4,V-Strom SX
,2,4,VanVan 200/Z
,2,4,VECSTAR 150
,2,4,VOLTY
,2,4,WOLF 200
,2,4,WOLF 250
,2,5,ADDRESS 110
,2,5,ADDRESS 125
,2,5,GSX-R125
,2,5,GSX-S125
,2,5,SWISH
,2,5,SWIDH LIMITED
,2,5,125S30
,2,5,2Cycle Birdie 80
,2,5,70K30
,2,5,80K10P
,2,5,A100
,2,5,A70
,2,5,A90
,2,5,Access 125
,2,5,ADDRESS V100
,2,5,ADDRESS V125
,2,5,ADDRESS V125G
,2,5,ADDRESS V125G Limited
,2,5,ADDRESS V125S
,2,5,ADDRESS V125S Basic
,2,5,ADDRESS V125S Limited
,2,5,ADDRESS V125SS
,2,5,ADDRESS Z125
,2,5,AN125
,2,5,AVENIS 125
,2,5,B100
,2,5,B120
,2,5,Birdie 80
,2,5,Birdie 90
,2,5,BURGMAN 125
,2,5,CM75
,2,5,COLLEDA 125
,2,5,COLLEDA 125SH
,2,5,COLLEDA 125SK
,2,5,SL
,2,5,COLLEDA 90
,2,5,DF125E
,2,5,DJEBEL 125
,2,5,DR-Z125
,2,5,DR-Z125L
,2,5,DR-Z70
,2,5,DR125S
,2,5,DR125SM
,2,5,DS80
,2,5,EN125
,2,5,FD110
,2,5,Gemma 125
,2,5,Gemma 125 Custom
,2,5,Gemma 80
,2,5,Gemma 90
,2,5,GemmaQuest 90
,2,5,GN125
,2,5,GN125E
,2,5,GN80
,2,5,GP125
,2,5,GS125E
,2,5,GS125E KATANA
,2,5,GT100
,2,5,GT125
,2,5,GZ125HS
,2,5,HUSTLER 125
,2,5,HUSTLER 80
,2,5,HUSTLER 90
,2,5,INTRUDER 125
,2,5,K125
,2,5,K30
,2,5,K80
,2,5,K90
,2,5,K90G
,2,5,KS50
,2,5,Landie 55
,2,5,Let's 110
,2,5,M80
,2,5,MARAUDER 125/GZ125
,2,5,miniCRO75
,2,5,nex
,2,5,RA125
,2,5,Raider J Crossover
,2,5,RG125
,2,5,RG125E
,2,5,RG125Γ
,2,5,RG80E
,2,5,RM125
,2,5,RM80
,2,5,RM80L
,2,5,RM85
,2,5,RV90
,2,5,S10
,2,5,Salutp 125
,2,5,Scrambler AC90
,2,5,SELPET 52MD
,2,5,SELPET 80K
,2,5,SHOOTER
,2,5,SPORTS 125S40
,2,5,SPORTS 80K11
,2,5,SPORTS S31
,2,5,SPORTS T125
,2,5,STERRTMAGIC110
,2,5,STEREETMAGICⅡ110
,2,5,SUPER FREE 90
,2,5,SUPER FREE80
,2,5,SX125R
,2,5,T125
,2,5,TC110
,2,5,TC120
,2,5,TEKKEN125
,2,5,TF125
,2,5,TM125
,2,5,TS100C
,2,5,TS125
,2,5,TS125R
,2,5,U70
,2,5,U70K40
,2,5,VanVan 125
,2,5,VanVan 75
,2,5,VanVan 90
,2,5,VECSTAR 125
,2,5,WOLF 125
,2,5,WOLF 90-2
,2,5,WOLF T90
,2,6,ADDRESS V50
,2,6,DR-Z50
,2,6,Let's
,2,6,Let's Basket
,2,6,2Cycle Birdie 50
,2,6,ADDRESS
,2,6,ADDRESS Tune
,2,6,ADDRESS WAY
,2,6,BARA
,2,6,Birdie 50
,2,6,CARNA
,2,6,CHANCE
,2,6,choikago
,2,6,choinori
,2,6,choinori SS
,2,6,CM50
,2,6,COLLEDA
,2,6,COLLEDA Scrambler
,2,6,COLLEDA Sports
,2,6,CY50
,2,6,e-Let's/W
,2,6,EPO/PV50
,2,6,FanFan
,2,6,Free 50
,2,6,GA50
,2,6,GAG
,2,6,Gemma 50
,2,6,GemmaQuest 50
,2,6,GN50E
,2,6,GS50
,2,6,HI
,2,6,HI R
,2,6,HI UP
,2,6,HI UP R
,2,6,HUSTLER 50/TS50/TS50W
,2,6,JR50
,2,6,K50
,2,6,Katana 50
,2,6,Landie 55
,2,6,Let's 4
,2,6,Let's 4 Basket
,2,6,Let's 4Pallet
,2,6,Let's 5
,2,6,Let's 2
,2,6,Love
,2,6,Love 3
,2,6,M15
,2,6,MameTan50 /Custom
,2,6,mini Tan
,2,6,MINI50
,2,6,miniCro50
,2,6,MODE GT
,2,6,MOLLET
,2,6,RAN
,2,6,RAN SUPER DELUXE
,2,6,RG50
,2,6,RG50E
,2,6,RG50Γ
,2,6,RG50T
,2,6,RM50
,2,6,Scrambler AC50
,2,6,SELPET M12
,2,6,SELPET MD
,2,6,SELPET MA
,2,6,SELPET ME
,2,6,SEPIA
,2,6,SEPIA M
,2,6,SEPIA RS
,2,6,SEPIA ZZ
,2,6,SHOOT
,2,6,SMX50
,2,6,SPORTS 50M12-2
,2,6,SPORTS AS50
,2,6,STREETMAGIC50S
,2,6,SUPER FREE F50
,2,6,SUPER FREE F50-2
,2,6,SUPER MINI M50
,2,6,Super MOLLET
,2,6,Ssper Sports M40
,2,6,Susie
,2,6,Swany
,2,6,U50
,2,6,VanVan 50
,2,6,Verde
,2,6,WOLF
,2,6,WOLF 50
,2,6,Youdy 50
,2,6,Youdy Mini
,2,6,ZZ
,3,0,1400GTR
,,0,GPZ1100
,,0,GPZ1100F
,,0,GPZ1100R
,,0,Ninja ZX-11
,,0,Ninja ZX-12R
,,0,Ninja ZX-14
,,0,Ninja ZX-14R
,,0,VN1700 Classic Tourer
,,0,VN1700 VOYAGER
,,0,VN1700 VOYAGER CUSTOM
,,0,VN2000 Classic
,,0,VN2000 Classic LT
,,0,VN2000 / VULCAN2000
,,0,VULCAN 1500
,,0,VULCAN 1500 CLASSIC
,,0,VULCAN 1500 Classic Tourer
,,0,VULCAN 1500 DRIFTER
,,0,VULCAN 1500 MEAN STEREAK
,,0,VULCAN 1600 CLASSIC
,,0,VULCAN 1600 MEAN STEREAK
,,0,VULCAN 1600 NOMAD
,,0,VULCAN 1700 NOMAD
,,0,VULCAN 1700 Classic Tourer
,,0,VULCAN 1700 Classic
,,0,VULCAN 1700 VAQUERO
,,0,Z1000MK-Ⅱ
,,0,Z1100
,,0,Z1100 Spectre
,,0,Z1100GP
,,0,Z1100LTD
,,0,Z1100R
,,0,Z1300
,,0,ZEPHYR 1100
,,0,ZEPHYR 1100RS
,,0,ZG1300
,,0,ZRX1100
,,0,ZRX1100-Ⅱ
,,0,ZRX1200
,,0,ZRX1200R
,,0,ZRX1200S
,,0,ZZR1100
,,0,ZZR1200
,,0,ZZR1400
,,1,MEGURO K3
,,1,Ninja 1000SX
,,1,Ninja H2 SX
,,1,Ninja H2 SX SE/+
,,1,Ninja H2R
,,1,Ninja H2 (CARBON)
,,1,Ninja ZX-10R
,,1,Ninja ZX-10R SE
,,1,Ninja ZX-10RR
,,1,Versys 1000 /SE
,,1,W800 (STRRT/CAFE)
,,1,Z H2
,,1,Z H2 SE
,,1,Z1000
,,1,Z900
,,1,Z900 SE
,,1,Z900RS
,,1,Z900RS CAFÉ
,,1,1000GTR
,,1,ELIMINATOR 900
,,1,GPZ1000RX
,,1,GPZ900R Ninja
,,1,LTD1100
,,1,Ninja 1000
,,1,Ninja ZX-9R
,,1,VULCAN 800
,,1,VULCAN 800 CLASSIC
,,1,VULCAN 800 DRIFTER
,,1,VULCAN 900 CLASSIC
,,1,VULCAN 900 Custom
,,1,Z1-R
,,1,Z1-RⅡ
,,1,Z1000 FUEL INJECTION
,,1,Z1000CSR
,,1,Z1000H
,,1,Z1000J
,,1,Z1000LTD
,,1,Z1000R
,,1,Z1000ST
,,1,Z1
,,1,Z800
,,1,Z900
,,1,Z900 LTD
,,1,ZL1000
,,2,KX450
,,2,KX450X
,,2,Ninja 650
,,2,Ninja ZX-6R
,,2,VULCAN S
,,2,Z650
,,2,Z650RS
,,2,500SS MACHⅢ
,,2,W3
,,2,750SS
,,2,750Turbo
,,2,ELIMINATOR 750
,,2,EN500
,,2,ER-5
,,2,ER-6n
,,2,ER-6f
,,2,GPX600R
,,2,GPX750R
,,2,GPZ500S / Ninja 500R
,,2,GPZ550
,,2,GPZ600R
,,2,GPZ750
,,2,GPz750F
,,2,GPz750R
,,2,kh500
,,2,kl600R
,,2,KLE500
,,2,KLR650
,,2,KLX450R
,,2,KLX650
,,2,KX420
,,2,KX450F
,,2,KX500
,,2,MEGURO STAMINA K2
,,2,Ninja 650R
,,2,Ninja ZX-6RR
,,2,Ninja ZX-7R
,,2,Ninja ZX-7RR
,,2,TENGAI
,,2,Versys 650
,,2,VZ750 TWIN
,,2,W1
,,2,W1S
,,2,W1SA
,,2,W2SS
,,2,W2TT
,,2,W650
,,2,Z2
,,2,Z440
,,2,Z440C
,,2,Z440LTD
,,2,Z500
,,2,Z550
,,2,Z550FX
,,2,Z550GP
,,2,Z550LTD
,,2,Z650 Four
,,2,Z650LTD
,,2,Z650 SR
,,2,Z750
,,2,Z750 Spectre
,,2,Z750B
,,2,Z750D
,,2,Z750Four
,,2,Z750FX
,,2,Z750GP
,,2,Z750LTD
,,2,Z750R
,,2,Z750RS
,,2,Z750S
,,2,Z750T
,,2,Z750Twin
,,2,ZR-7
,,2,ZR-7S
,,2,ZXR750
,,2,ZXR750R
,,2,ZZR600
,,3,Ninja 400
,,,Z400
,,,350A7
,,,350SS
,,,350TR BIGHORN
,,,400RS
,,,400SS
,,,A7SS
,,,ELIMINATOR 400
,,,ELIMINATOR 400 LX
,,,ELIMINATOR 400 SE
,,,EN400TWIN
,,,ER-4n
,,,EX-4
,,,FX400R
,,,GPX400R
,,,GPZ400
,,,GPZ400F
,,,GPZ400F2
,,,GPZ400R
,,,GPZ400S
,,,J300
,,,KDX400
,,,KH400
,,,KLE400
,,,KLX300
,,,KLX300R
,,,KLX300SM
,,,KLX300R
,,,KLX400R
,,,KLX400SR
,,,MEGURO Argus J8
,,,Ninja 300
,,,Ninja 400R
,,,Versys-X 300
,,,VULCAN 400
,,,VULCAN 400 CLASSIC
,,,VULCAN 400 DRIFTER
,,,W400
,,,XANTHUS
,,,Z300
,,,Z400 Custom
,,,Z400B
,,,Z400FX
,,,Z400GP
,,,Z400J
,,,Z400LTD
,,,ZEPHYR
,,,ZEPHYR χ